sequence_id,design_level,rna_sequence,gc_content,folding_energy_kcal_mol,vina_score_ab42,vina_score_ab40,vina_score_tau,vina_score_albumin,selectivity_ab42_ab40,selectivity_ab42_tau,selectivity_ab42_albumin,tetraloop_type,stem_length,notes
L4_03,L4,GGCGAAAAGGCCUACGAUCC,55,-6.2,-11.8,-5.0,-2.9,-2.7,2.36,4.07,4.37,GAAA,6,Lead candidate
L4_01,L4,GGCUUCGGCCAAUGCUAGCA,60,-5.8,-11.2,-5.1,-3.0,-2.8,2.20,3.73,4.00,UUCG,7,
L3_05,L3,GGGAGACAAGAAUAAACGCU,50,-5.2,-9.5,-6.3,-3.2,-3.0,1.51,2.97,3.17,None,5,
L2_10,L2,GGCUUCGGCCAAUGCUAGCA,60,-4.5,-7.8,-5.2,-2.6,-2.4,1.50,3.00,3.25,UUCG,4,
L1_15,L1,AUGCUAGCAUGCUAGCAUGC,50,-2.1,-6.5,-4.3,-2.2,-2.0,1.51,2.95,3.25,None,2,
Random_01,Control,ACGUACGUACGUACGUACGU,50,-1.2,-3.5,-2.3,-1.2,-1.1,1.52,2.92,3.18,None,0,
Scrambled_01,Control,CCUAGCAUGCUAGCAUGCUA,50,-1.5,-4.5,-3.0,-1.5,-1.4,1.50,3.00,3.21,None,0,
Benchmark_01,Benchmark,GGAUGCGAAGCGAAUCAUGG,55,-5.5,-10.5,-6.8,-3.5,-3.2,1.54,3.00,3.28,None,5,Smith et al. (2023)
